{
  "company": 123,
  "start_time": "2017-05-01 15:20:17",
  "end_time": "2017-06-01 15:40:17",
  "users": [
    {
      "id": "194888",
      "lastname": "Barret",
      "name": "Samuel",
      "avatar": "avatar/scott.png"
    },
    {
      "id": "194889",
      "lastname": "Love",
      "name": "Scott",
      "avatar": "avatar/scott.png"
    },
    {
      "id": "194890",
      "lastname": "McDaniel",
      "name": "Michael",
      "avatar": "avatar/michael.png"
    },
    {
      "id": "194891",
      "lastname": "Wilkerson",
      "name": "Alejandro",
      "avatar": "avatar/alejandro.png"
    },
    {
      "id": "194892",
      "lastname": "Fowler",
      "name": "Ivan",
      "avatar": "avatar/ivan.png"
    },
    {
      "id": "194893",
      "lastname": "Doe",
      "name": "John",
      "avatar": "avatar/john.png"
    }
  ],
  "daily": {
    "194888": 68.23,
    "194889": 78.4,
    "194890": 20.8,
    "194891": 7.92,
    "194892": 88.02,
    "194893": 78.23
  },
  "weekly": {
    "194888": 98.23,
    "194889": 88.4,
    "194890": 80.8,
    "194891": 77.92,
    "194892": 71.02,
    "194893": 14.23
  },
  "monthly": {
    "194888": 88.23,
    "194889": 78.4,
    "194890": 70.8,
    "194891": 67.92,
    "194892": 61.02,
    "194893": 4.23
  }
}
